dataset,seed,epsilon_train,epsilon_repair_dpcr,baseline_run_dir,dpcr_run_dir,baseline_syn_path,dpcr_syn_path,dpcr_used_file,utility_main_base,utility_main_dpcr,delta_utility,tstr_balacc_base,tstr_balacc_dpcr,delta_tstr_balacc,tstr_f1macro_base,tstr_f1macro_dpcr,delta_tstr_f1macro,privacy_adv_primary_base,privacy_adv_primary_dpcr,delta_privacy,mia_auc_base,mia_auc_dpcr,delta_mia_auc,knn_mia_auc_base,knn_mia_auc_dpcr,delta_knn_mia_auc,mia_adv_fix_base,mia_adv_fix_dpcr,delta_mia_adv_fix,knn_mia_adv_fix_base,knn_mia_adv_fix_dpcr,delta_knn_mia_adv_fix,pearson_mad_base,pearson_mad_dpcr,delta_pearson_mad,spearman_mad_base,spearman_mad_dpcr,delta_spearman_mad
A,42,0.700000000000,0.300000000000,outputs\A\dp_diffusion\seed42\train0.7,outputs\A\dp_diffusion_dpcr\seed42\train0.7_repair0.3,outputs\A\dp_diffusion\seed42\train0.7\synth.csv,outputs\A\dp_diffusion_dpcr\seed42\train0.7_repair0.3\synth.csv,synth.csv,0.500000000000,0.286635706914,-0.213364293086,0.500000000000,0.286635706914,-0.213364293086,0.385135135135,0.272591789730,-0.112543345405,0.014408163265,0.004644897959,-0.009763265306,0.514408163265,0.504644897959,-0.009763265306,,,,0.014408163265,0.004644897959,-0.009763265306,,,,0.384308040860,0.382649921046,-0.001658119813,0.384308040860,0.382649921046,-0.001658119813
A,42,1.000000000000,0.500000000000,outputs\A\dp_diffusion\seed42\train1.0,outputs\A\dp_diffusion_dpcr\seed42\train1.0_repair0.5,outputs\A\dp_diffusion\seed42\train1.0\synth.csv,outputs\A\dp_diffusion_dpcr\seed42\train1.0_repair0.5\synth.csv,synth.csv,0.500000000000,0.393962848297,-0.106037151703,0.500000000000,0.393962848297,-0.106037151703,0.385135135135,0.264717198923,-0.120417936212,0.009395918367,0.001302040816,-0.008093877551,0.509395918367,0.501302040816,-0.008093877551,,,,0.009395918367,0.001302040816,-0.008093877551,,,,0.390164676262,0.386213751134,-0.003950925129,0.390164676262,0.386213751134,-0.003950925129
A,42,3.000000000000,2.000000000000,outputs\A\dp_diffusion\seed42\train3.0,outputs\A\dp_diffusion_dpcr\seed42\train3.0_repair2.0,outputs\A\dp_diffusion\seed42\train3.0\synth.csv,outputs\A\dp_diffusion_dpcr\seed42\train3.0_repair2.0\synth.csv,synth.csv,0.500000000000,0.409958720330,-0.090041279670,0.500000000000,0.409958720330,-0.090041279670,0.385135135135,0.405228758170,0.020093623035,0.016930612245,0.006755102041,-0.010175510204,0.516930612245,0.506755102041,-0.010175510204,,,,0.016930612245,0.006755102041,-0.010175510204,,,,0.384300633459,0.382158792018,-0.002141841441,0.384300633459,0.382158792018,-0.002141841441
B,11,3.000000000000,2.000000000000,outputs\B\dp_diffusion\seed11\train3.0,outputs\B\dp_diffusion_dpcr\seed11\train3.0_repair2.0,outputs\B\dp_diffusion\seed11\train3.0\synth.csv,outputs\B\dp_diffusion_dpcr\seed11\train3.0_repair2.0\synth.csv,synth.csv,0.500000000000,0.496152193445,-0.003847806555,0.500000000000,0.484452517676,-0.015547482324,0.331941544885,0.484329677413,0.152388132528,0.002315240101,0.000595178781,-0.001720061320,0.502781895507,0.502781895507,0.000000000000,0.497684759899,0.500595178781,0.002910418882,0.002781895507,0.002781895507,0.000000000000,0.002315240101,0.000595178781,-0.001720061320,0.028532593484,0.026897912639,-0.001634680845,0.028532593484,0.026897912639,-0.001634680845
B,22,3.000000000000,2.000000000000,outputs\B\dp_diffusion\seed22\train3.0,outputs\B\dp_diffusion_dpcr\seed22\train3.0_repair2.0,outputs\B\dp_diffusion\seed22\train3.0\synth.csv,outputs\B\dp_diffusion_dpcr\seed22\train3.0_repair2.0\synth.csv,synth.csv,0.500000000000,0.508164381421,0.008164381421,0.500000000000,0.508164381421,0.008164381421,0.331941544885,0.489591693674,0.157650148789,0.000318217172,0.002201841656,0.001883624485,0.499719452058,0.499719452058,0.000000000000,0.499681782828,0.502201841656,0.002520058828,0.000280547942,0.000280547942,0.000000000000,0.000318217172,0.002201841656,0.001883624485,0.028703047493,0.026875788787,-0.001827258706,0.028703047493,0.026875788787,-0.001827258706
B,33,3.000000000000,2.000000000000,outputs\B\dp_diffusion\seed33\train3.0,outputs\B\dp_diffusion_dpcr\seed33\train3.0_repair2.0,outputs\B\dp_diffusion\seed33\train3.0\synth.csv,outputs\B\dp_diffusion_dpcr\seed33\train3.0_repair2.0\synth.csv,synth.csv,0.500000000000,0.511094183367,0.011094183367,0.500000000000,0.486347122934,-0.013652877066,0.331941544885,0.468825910931,0.136884366046,0.005356472309,0.003852489994,-0.001503982315,0.498612644779,0.498612644779,0.000000000000,0.505356472309,0.503852489994,-0.001503982315,0.001387355221,0.001387355221,0.000000000000,0.005356472309,0.003852489994,-0.001503982315,0.027550115223,0.026568406476,-0.000981708747,0.027550115223,0.026568406476,-0.000981708747
C,11,0.700000000000,0.300000000000,outputs\D\dp_diffusion\seed11\train0.7,outputs\D\dp_diffusion_dpcr\seed11\train0.7_repair0.3,outputs\D\dp_diffusion\seed11\train0.7\synth.csv,outputs\D\dp_diffusion_dpcr\seed11\train0.7_repair0.3\synth.csv,synth.csv,0.844544463276,0.846040795041,0.001496331765,0.844544463276,0.846040795041,0.001496331765,0.837861180905,0.841001476712,0.003140295808,0.022343603080,0.004622104300,-0.017721498780,0.506857268782,0.509581205507,0.002723936726,0.522343603080,0.504622104300,-0.017721498780,0.006857268782,0.009581205507,0.002723936726,0.022343603080,0.004622104300,-0.017721498780,0.104492586709,0.104492586709,0.000000000000,0.104492586709,0.104492586709,0.000000000000
C,11,3.000000000000,2.000000000000,outputs\D\dp_diffusion\seed11\train3.0,outputs\D\dp_diffusion_dpcr\seed11\train3.0_repair2.0,outputs\D\dp_diffusion\seed11\train3.0\synth.csv,outputs\D\dp_diffusion_dpcr\seed11\train3.0_repair2.0\synth.csv,synth.csv,0.851738707880,0.852562431109,0.000823723229,0.851738707880,0.852562431109,0.000823723229,0.843567082005,0.844711850102,0.001144768097,0.014773715962,0.001669372592,-0.013104343370,0.489378594948,0.495063762923,0.005685167975,0.514773715962,0.501669372592,-0.013104343370,0.010621405052,0.004936237077,-0.005685167975,0.014773715962,0.001669372592,-0.013104343370,0.104279738209,0.104279738209,0.000000000000,0.104279738209,0.104279738209,0.000000000000
C,11,5.000000000000,2.000000000000,outputs\D\dp_diffusion\seed11\train5.0,outputs\D\dp_diffusion_dpcr\seed11\train5.0_repair2.0,outputs\D\dp_diffusion\seed11\train5.0\synth.csv,outputs\D\dp_diffusion_dpcr\seed11\train5.0_repair2.0\synth.csv,synth.csv,0.853537269032,0.849789032036,-0.003748236995,0.853537269032,0.849789032036,-0.003748236995,0.844986096012,0.843008445003,-0.001977651009,0.005759072035,0.003656272400,-0.002102799635,0.491941567421,0.506142510851,0.014200943429,0.505759072035,0.503656272400,-0.002102799635,0.008058432579,0.006142510851,-0.001915921728,0.005759072035,0.003656272400,-0.002102799635,0.104485528485,0.104485528485,0.000000000000,0.104485528485,0.104485528485,0.000000000000
C,22,0.700000000000,0.300000000000,outputs\D\dp_diffusion\seed22\train0.7,outputs\D\dp_diffusion_dpcr\seed22\train0.7_repair0.3,outputs\D\dp_diffusion\seed22\train0.7\synth.csv,outputs\D\dp_diffusion_dpcr\seed22\train0.7_repair0.3\synth.csv,synth.csv,0.848141585578,0.850763869958,0.002622284380,0.848141585578,0.850763869958,0.002622284380,0.840720141195,0.843289171176,0.002569029981,0.010679865837,0.001110307582,-0.009569558256,0.503923184282,0.499880234931,-0.004042949351,0.510679865837,0.501110307582,-0.009569558256,0.003923184282,0.000119765069,-0.003803419213,0.010679865837,0.001110307582,-0.009569558256,0.105295976515,0.105295976515,0.000000000000,0.105295976515,0.105295976515,0.000000000000
C,22,3.000000000000,2.000000000000,outputs\D\dp_diffusion\seed22\train3.0,outputs\D\dp_diffusion_dpcr\seed22\train3.0_repair2.0,outputs\D\dp_diffusion\seed22\train3.0\synth.csv,outputs\D\dp_diffusion_dpcr\seed22\train3.0_repair2.0\synth.csv,synth.csv,0.851738707880,0.853537269032,0.001798561151,0.851738707880,0.853537269032,0.001798561151,0.843567082005,0.844986096012,0.001419014007,0.023291874400,0.004315592358,-0.018976282042,0.503279646645,0.495546336307,-0.007733310338,0.523291874400,0.504315592358,-0.018976282042,0.003279646645,0.004453663693,0.001174017048,0.023291874400,0.004315592358,-0.018976282042,0.105521118874,0.105521118874,0.000000000000,0.105521118874,0.105521118874,0.000000000000
C,22,5.000000000000,2.000000000000,outputs\D\dp_diffusion\seed22\train5.0,outputs\D\dp_diffusion_dpcr\seed22\train5.0_repair2.0,outputs\D\dp_diffusion\seed22\train5.0\synth.csv,outputs\D\dp_diffusion_dpcr\seed22\train5.0_repair2.0\synth.csv,synth.csv,0.850763869958,0.847990470885,-0.002773399073,0.850763869958,0.847990470885,-0.002773399073,0.843289171176,0.841579043114,-0.001710128061,0.012830877247,0.000655648201,-0.012175229046,0.504007179517,0.489867875176,-0.014139304341,0.512830877247,0.500655648201,-0.012175229046,0.004007179517,0.010132124824,0.006124945307,0.012830877247,0.000655648201,-0.012175229046,0.105330077117,0.105330077117,0.000000000000,0.105330077117,0.105330077117,0.000000000000
C,33,0.700000000000,0.300000000000,outputs\D\dp_diffusion\seed33\train0.7,outputs\D\dp_diffusion_dpcr\seed33\train0.7_repair0.3,outputs\D\dp_diffusion\seed33\train0.7\synth.csv,outputs\D\dp_diffusion_dpcr\seed33\train0.7_repair0.3\synth.csv,synth.csv,0.849940146729,0.850763869958,0.000823723229,0.849940146729,0.850763869958,0.000823723229,0.842145103823,0.843289171176,0.001144067353,0.008858035482,0.002938842885,-0.005919192596,0.494966992747,0.513244100373,0.018277107626,0.508858035482,0.502938842885,-0.005919192596,0.005033007253,0.013244100373,0.008211093120,0.008858035482,0.002938842885,-0.005919192596,0.104518859460,0.104518859460,0.000000000000,0.104518859460,0.104518859460,0.000000000000
C,33,3.000000000000,2.000000000000,outputs\D\dp_diffusion\seed33\train3.0,outputs\D\dp_diffusion_dpcr\seed33\train3.0_repair2.0,outputs\D\dp_diffusion\seed33\train3.0\synth.csv,outputs\D\dp_diffusion_dpcr\seed33\train3.0_repair2.0\synth.csv,synth.csv,0.850763869958,0.849789032036,-0.000974837922,0.850763869958,0.849789032036,-0.000974837922,0.843289171176,0.843008445003,-0.000280726173,0.007743736859,0.001782079588,-0.005961657272,0.495901799031,0.514451332267,0.018549533236,0.507743736859,0.501782079588,-0.005961657272,0.004098200969,0.014451332267,0.010353131298,0.007743736859,0.001782079588,-0.005961657272,0.103681457025,0.103681457025,0.000000000000,0.103681457025,0.103681457025,0.000000000000
C,33,5.000000000000,2.000000000000,outputs\D\dp_diffusion\seed33\train5.0,outputs\D\dp_diffusion_dpcr\seed33\train5.0_repair2.0,outputs\D\dp_diffusion\seed33\train5.0\synth.csv,outputs\D\dp_diffusion_dpcr\seed33\train5.0_repair2.0\synth.csv,synth.csv,0.847990470885,0.847990470885,0.000000000000,0.847990470885,0.847990470885,0.000000000000,0.841579043114,0.841579043114,0.000000000000,0.011577690401,0.000096263907,-0.011481426494,0.502203677267,0.516423463734,0.014219786467,0.511577690401,0.500096263907,-0.011481426494,0.002203677267,0.016423463734,0.014219786467,0.011577690401,0.000096263907,-0.011481426494,0.104531733386,0.104531733386,0.000000000000,0.104531733386,0.104531733386,0.000000000000
C,44,0.700000000000,0.300000000000,outputs\D\dp_diffusion\seed44\train0.7,outputs\D\dp_diffusion_dpcr\seed44\train0.7_repair0.3,outputs\D\dp_diffusion\seed44\train0.7\synth.csv,outputs\D\dp_diffusion_dpcr\seed44\train0.7_repair0.3\synth.csv,synth.csv,0.850763869958,0.847839356192,-0.002924513766,0.850763869958,0.847839356192,-0.002924513766,0.843289171176,0.842438446362,-0.000850724814,0.030893689845,0.002540696644,-0.028352993201,0.519513083136,0.500146911818,-0.019366171318,0.530893689845,0.502540696644,-0.028352993201,0.019513083136,0.000146911818,-0.019366171318,0.030893689845,0.002540696644,-0.028352993201,0.104619140268,0.104619140268,0.000000000000,0.104619140268,0.104619140268,0.000000000000
C,44,3.000000000000,2.000000000000,outputs\D\dp_diffusion\seed44\train3.0,outputs\D\dp_diffusion_dpcr\seed44\train3.0_repair2.0,outputs\D\dp_diffusion\seed44\train3.0\synth.csv,outputs\D\dp_diffusion_dpcr\seed44\train3.0_repair2.0\synth.csv,synth.csv,0.848814194114,0.848663079421,-0.000151114693,0.848814194114,0.848663079421,-0.000151114693,0.842724878515,0.843586818554,0.000861940039,0.021400759575,0.000896387789,-0.020504371786,0.480764133077,0.493855892282,0.013091759205,0.521400759575,0.500896387789,-0.020504371786,0.019235866923,0.006144107718,-0.013091759205,0.021400759575,0.000896387789,-0.020504371786,0.104602813011,0.104602813011,0.000000000000,0.104602813011,0.104602813011,0.000000000000
C,44,5.000000000000,2.000000000000,outputs\D\dp_diffusion\seed44\train5.0,outputs\D\dp_diffusion_dpcr\seed44\train5.0_repair2.0,outputs\D\dp_diffusion\seed44\train5.0\synth.csv,outputs\D\dp_diffusion_dpcr\seed44\train5.0_repair2.0\synth.csv,synth.csv,0.848965308807,0.846864518270,-0.002100790537,0.848965308807,0.846864518270,-0.002100790537,0.841863498949,0.842149122807,0.000285623858,0.014873651627,0.003351995441,-0.011521656186,0.519429407275,0.493415476202,-0.026013931073,0.514873651627,0.503351995441,-0.011521656186,0.019429407275,0.006584523798,-0.012844883477,0.014873651627,0.003351995441,-0.011521656186,0.104595753296,0.104595753296,0.000000000000,0.104595753296,0.104595753296,0.000000000000
C,55,0.700000000000,0.300000000000,outputs\D\dp_diffusion\seed55\train0.7,outputs\D\dp_diffusion_dpcr\seed55\train0.7_repair0.3,outputs\D\dp_diffusion\seed55\train0.7\synth.csv,outputs\D\dp_diffusion_dpcr\seed55\train0.7_repair0.3\synth.csv,synth.csv,0.850914984651,0.853386154338,0.002471169687,0.850914984651,0.853386154338,0.002471169687,0.842423882723,0.845858201156,0.003434318433,0.008060146583,0.002308577705,-0.005751568878,0.504069776726,0.491763356999,-0.012306419727,0.508060146583,0.502308577705,-0.005751568878,0.004069776726,0.008236643001,0.004166866275,0.008060146583,0.002308577705,-0.005751568878,0.103465482794,0.103465482794,0.000000000000,0.103465482794,0.103465482794,0.000000000000
C,55,3.000000000000,2.000000000000,outputs\D\dp_diffusion\seed55\train3.0,outputs\D\dp_diffusion_dpcr\seed55\train3.0_repair2.0,outputs\D\dp_diffusion\seed55\train3.0\synth.csv,outputs\D\dp_diffusion_dpcr\seed55\train3.0_repair2.0\synth.csv,synth.csv,0.852864660496,0.853688383725,0.000823723229,0.852864660496,0.853688383725,0.000823723229,0.842973060695,0.844114555661,0.001141494966,0.002753977870,0.002538461661,-0.000215516209,0.502284798140,0.489479836353,-0.012804961787,0.502753977870,0.502538461661,-0.000215516209,0.002284798140,0.010520163647,0.008235365507,0.002753977870,0.002538461661,-0.000215516209,0.103465702025,0.103465702025,0.000000000000,0.103465702025,0.103465702025,0.000000000000
C,55,5.000000000000,2.000000000000,outputs\D\dp_diffusion\seed55\train5.0,outputs\D\dp_diffusion_dpcr\seed55\train5.0_repair2.0,outputs\D\dp_diffusion\seed55\train5.0\synth.csv,outputs\D\dp_diffusion_dpcr\seed55\train5.0_repair2.0\synth.csv,synth.csv,0.850763869958,0.851889822574,0.001125952615,0.850763869958,0.851889822574,0.001125952615,0.843289171176,0.842699860264,-0.000589310911,0.017193244605,0.004345285703,-0.012847958902,0.501146550926,0.489198468285,-0.011948082641,0.517193244605,0.504345285703,-0.012847958902,0.001146550926,0.010801531715,0.009654980790,0.017193244605,0.004345285703,-0.012847958902,0.103469755275,0.103469755275,0.000000000000,0.103469755275,0.103469755275,0.000000000000
